id;nombre;imagen;imagen_content_type
1;protocol Buckinghamshire;../fake-data/blob/hipster.png;image/png
2;homogénea web;../fake-data/blob/hipster.png;image/png
3;Bedfordshire;../fake-data/blob/hipster.png;image/png
4;Guinea;../fake-data/blob/hipster.png;image/png
5;Madera Public-key;../fake-data/blob/hipster.png;image/png
6;Hogar hacking Ergonómico;../fake-data/blob/hipster.png;image/png
7;Director blockchains;../fake-data/blob/hipster.png;image/png
8;Negro;../fake-data/blob/hipster.png;image/png
9;Universal circuit Acero;../fake-data/blob/hipster.png;image/png
10;Extrarradio Naira ADP;../fake-data/blob/hipster.png;image/png
